suite,config,algorithm,mean_ns,median_ns
bipartite_complete,V1000_E250000,Blossom,1194443.3515446135,1193317.765093304
bipartite_complete,V100_E2500,Blossom,13057.715349649507,13028.0872158346
bipartite_complete,V200_E10000,Blossom,48510.80328690536,48612.57587084891
bipartite_complete,V20_E100,Blossom,924.4355405272004,916.5682894015646
bipartite_complete,V400_E40000,Blossom,186360.74057003311,186351.21313074388
bipartite_complete,V50_E625,Blossom,3876.7409054071973,3856.967116249197
bipartite_complete,V1000_E250000,Gabow1976,611939.2753754716,612329.2464408273
bipartite_complete,V100_E2500,Gabow1976,6898.3032550688085,6889.814173661071
bipartite_complete,V200_E10000,Gabow1976,25374.91211258875,25386.673489010987
bipartite_complete,V20_E100,Gabow1976,498.82739180922255,493.3459630305647
bipartite_complete,V400_E40000,Gabow1976,97733.20279369147,97708.79612974788
bipartite_complete,V50_E625,Gabow1976,2106.3684998015055,2060.578399946352
bipartite_complete,V1000_E250000,HopcroftKarp,444881.54436784907,444818.3991972789
bipartite_complete,V100_E2500,HopcroftKarp,6974.878137525925,6906.800811257381
bipartite_complete,V200_E10000,HopcroftKarp,21541.98350647157,21481.935903445366
bipartite_complete,V20_E100,HopcroftKarp,796.648341811092,782.7229322332919
bipartite_complete,V400_E40000,HopcroftKarp,79937.85559809698,79920.75918968693
bipartite_complete,V50_E625,HopcroftKarp,2388.6019167402405,2369.7818834295285
bipartite_complete,V1000_E250000,MicaliVazirani,11442595.912492147,11448197.421875
bipartite_complete,V100_E2500,MicaliVazirani,69372.34174234974,69283.29709636822
bipartite_complete,V200_E10000,MicaliVazirani,238422.66594543954,238095.33673245614
bipartite_complete,V20_E100,MicaliVazirani,5847.918908062903,5790.622134110987
bipartite_complete,V400_E40000,MicaliVazirani,1844785.1907303333,1845673.5640627937
bipartite_complete,V50_E625,MicaliVazirani,23218.581605512194,22860.881783681216
bipartite_crown,V100_E2450,Blossom,12973.68629920915,12946.047457644912
bipartite_crown,V200_E9900,Blossom,48635.56226880799,48605.227394031914
bipartite_crown,V20_E90,Blossom,887.6037519628168,883.709584488624
bipartite_crown,V400_E39800,Blossom,210518.25110525647,210605.58046399843
bipartite_crown,V50_E600,Blossom,3808.7688257856375,3774.263268939144
bipartite_crown,V100_E2450,Gabow1976,6698.911267097569,6691.251491783161
bipartite_crown,V200_E9900,Gabow1976,24853.439271092346,24831.65602235115
bipartite_crown,V20_E90,Gabow1976,469.74279700381595,467.65473894378783
bipartite_crown,V400_E39800,Gabow1976,97938.8424043139,97717.64161448408
bipartite_crown,V50_E600,Gabow1976,2029.0307821605775,2014.7935615615615
bipartite_crown,V100_E2450,HopcroftKarp,6817.602258905187,6806.304718683652
bipartite_crown,V200_E9900,HopcroftKarp,21816.021988366887,21789.502336580757
bipartite_crown,V20_E90,HopcroftKarp,755.2017232569721,754.1733433750376
bipartite_crown,V400_E39800,HopcroftKarp,79992.56497404157,79856.75710373948
bipartite_crown,V50_E600,HopcroftKarp,3178.5593635828614,3156.8481514699233
bipartite_crown,V100_E2450,MicaliVazirani,68783.6322842021,68729.21838226187
bipartite_crown,V200_E9900,MicaliVazirani,244693.2945406731,244605.49631949022
bipartite_crown,V20_E90,MicaliVazirani,5594.357417740666,5593.873944254916
bipartite_crown,V400_E39800,MicaliVazirani,884395.0034004487,884814.8880314108
bipartite_crown,V50_E600,MicaliVazirani,28605.51095980261,28433.84589371981
bipartite_imbalanced,100x1000_V1100_E100000,Blossom,19668085.509423137,19633263.332892418
bipartite_imbalanced,10x100_V110_E1000,Blossom,45093.46006310216,44675.253399746995
bipartite_imbalanced,20x200_V220_E4000,Blossom,233208.11494713725,231342.58660130718
bipartite_imbalanced,50x500_V550_E25000,Blossom,2804704.8496694784,2793450.7354910714
bipartite_imbalanced,100x1000_V1100_E100000,Gabow1976,11655418.893246794,11654682.704920214
bipartite_imbalanced,10x100_V110_E1000,Gabow1976,20960.27927179746,20751.80775265269
bipartite_imbalanced,20x200_V220_E4000,Gabow1976,126587.03052903152,126632.42727726063
bipartite_imbalanced,50x500_V550_E25000,Gabow1976,1646454.458471414,1640656.5450885668
bipartite_imbalanced,100x1000_V1100_E100000,HopcroftKarp,97659.26061921938,97771.46195172434
bipartite_imbalanced,10x100_V110_E1000,HopcroftKarp,1497.9038070314366,1486.4359752694804
bipartite_imbalanced,20x200_V220_E4000,HopcroftKarp,5114.620569993238,5095.56606342228
bipartite_imbalanced,50x500_V550_E25000,HopcroftKarp,26647.2768079247,26529.58718115533
bipartite_imbalanced,100x1000_V1100_E100000,MicaliVazirani,2875051.9206998656,2871624.9244952844
bipartite_imbalanced,10x100_V110_E1000,MicaliVazirani,44807.51937922414,44799.59577922078
bipartite_imbalanced,20x200_V220_E4000,MicaliVazirani,158132.98240351607,157522.15008361204
bipartite_imbalanced,50x500_V550_E25000,MicaliVazirani,794757.841823391,794175.1851851852
bipartite_random,V1000_E2983,Blossom,717673.8666645286,717983.9724360178
bipartite_random,V100_E291,Blossom,9398.062681938452,9349.830027702905
bipartite_random,V2000_E5944,Blossom,2874611.256418755,2877033.9076858815
bipartite_random,V200_E621,Blossom,31793.33767049531,31730.72746389413
bipartite_random,V400_E1206,Blossom,125607.3540072532,125494.09548726468
bipartite_random,V1000_E2983,Gabow1976,192932.88116674242,193038.17746679796
bipartite_random,V100_E291,Gabow1976,3143.333086959732,3132.6656393902726
bipartite_random,V2000_E5944,Gabow1976,841549.335636151,840245.1934108527
bipartite_random,V200_E621,Gabow1976,9471.230102775111,9453.941550596199
bipartite_random,V400_E1206,Gabow1976,38522.46344319023,38437.94788282996
bipartite_random,V1000_E2983,HopcroftKarp,104983.19427761738,105209.61085178057
bipartite_random,V100_E291,HopcroftKarp,5173.747198904832,5088.564112260687
bipartite_random,V2000_E5944,HopcroftKarp,316940.9473770787,316400.4745303119
bipartite_random,V200_E621,HopcroftKarp,14495.948100320371,14489.52045864164
bipartite_random,V400_E1206,HopcroftKarp,34573.617470038975,34488.59995287807
bipartite_random,V1000_E2983,MicaliVazirani,512205.46731728176,512134.6587160262
bipartite_random,V100_E291,MicaliVazirani,29295.05171277733,29243.613811071555
bipartite_random,V2000_E5944,MicaliVazirani,1106964.2179806174,1107376.4089249494
bipartite_random,V200_E621,MicaliVazirani,79048.06397819324,78803.53574295723
bipartite_random,V400_E1206,MicaliVazirani,183613.61272823552,183369.48837114245
density_V100,p0.02_V100_E80,Blossom,10921.072882151839,10878.015854231238
density_V100,p0.05_V100_E227,Blossom,14277.577436711208,14220.102857142858
density_V100,p0.1_V100_E465,Blossom,11976.748709972608,11946.725054442857
density_V100,p0.2_V100_E956,Blossom,14407.683695539981,14414.4288946671
density_V100,p0.3_V100_E1472,Blossom,20308.097289501427,20273.596575472293
density_V100,p0.5_V100_E2496,Blossom,40798.491535887195,40689.10769428719
density_V100,p0.7_V100_E3478,Blossom,67903.8309925884,67797.12076302274
density_V100,p0.9_V100_E4477,Blossom,94335.83544836039,94068.08507689089
density_V100,p0.02_V100_E80,Gabow1976,3131.6995967441426,3133.7661827551533
density_V100,p0.05_V100_E227,Gabow1976,7956.517417828664,7771.591150680029
density_V100,p0.1_V100_E465,Gabow1976,5168.336765049519,5168.583255672569
density_V100,p0.2_V100_E956,Gabow1976,7528.590837228752,7557.364814013841
density_V100,p0.3_V100_E1472,Gabow1976,13257.633918298383,13252.838469529084
density_V100,p0.5_V100_E2496,Gabow1976,32426.05719207501,32428.16495601173
density_V100,p0.7_V100_E3478,Gabow1976,62358.36095709935,62309.247125031834
density_V100,p0.9_V100_E4477,Gabow1976,89713.46678057265,89697.19229508197
density_V100,p0.02_V100_E80,MicaliVazirani,18812.280689958887,18782.070404990765
density_V100,p0.05_V100_E227,MicaliVazirani,55882.559831884515,55894.53796296296
density_V100,p0.1_V100_E465,MicaliVazirani,47144.52766379455,47148.95067576102
density_V100,p0.2_V100_E956,MicaliVazirani,56818.87702589332,56825.437376861395
density_V100,p0.3_V100_E1472,MicaliVazirani,62212.555298508036,62141.10831832733
density_V100,p0.5_V100_E2496,MicaliVazirani,107917.7919651298,107411.86117593746
density_V100,p0.7_V100_E3478,MicaliVazirani,142565.01822898528,142481.51760368663
density_V100,p0.9_V100_E4477,MicaliVazirani,133795.57019650037,133368.46128494857
density_V1000,p0.005_V1000_E2526,Blossom,953338.44311738,950760.6775793651
density_V1000,p0.01_V1000_E5045,Blossom,932332.8279855844,929289.6238738738
density_V1000,p0.02_V1000_E10027,Blossom,1004276.1626926898,1003342.534883721
density_V1000,p0.05_V1000_E25164,Blossom,1040839.7122367233,1044976.0793650793
density_V1000,p0.1_V1000_E50110,Blossom,1671305.928998849,1672305.6007633586
density_V1000,p0.2_V1000_E100312,Blossom,4101039.8893889487,4103913.0704618692
density_V1000,p0.005_V1000_E2526,Gabow1976,606895.3983322642,605293.5926351728
density_V1000,p0.01_V1000_E5045,Gabow1976,455160.202389587,455748.6516666667
density_V1000,p0.02_V1000_E10027,Gabow1976,654857.4437282298,649994.3383084578
density_V1000,p0.05_V1000_E25164,Gabow1976,544715.4098263325,542366.7060113635
density_V1000,p0.1_V1000_E50110,Gabow1976,1237543.2123419335,1227612.4775176514
density_V1000,p0.2_V1000_E100312,Gabow1976,4169250.4555201144,4190248.614231189
density_V1000,p0.005_V1000_E2526,MicaliVazirani,512159.22700911626,511205.6666666666
density_V1000,p0.01_V1000_E5045,MicaliVazirani,528236.4514388344,528019.3626923077
density_V1000,p0.02_V1000_E10027,MicaliVazirani,714570.8240325933,714602.0612179488
density_V1000,p0.05_V1000_E25164,MicaliVazirani,1383266.6102500039,1383581.9868607954
density_V1000,p0.1_V1000_E50110,MicaliVazirani,1826626.8461244493,1826981.792502787
density_V1000,p0.2_V1000_E100312,MicaliVazirani,5872156.355299847,5863991.726604278
density_V200,p0.02_V200_E367,Blossom,38606.3235853673,38588.98030092593
density_V200,p0.05_V200_E956,Blossom,46900.59433911825,46949.497875330686
density_V200,p0.1_V200_E2002,Blossom,56424.48577678984,56512.272077922076
density_V200,p0.2_V200_E4009,Blossom,80240.63843340451,80358.83866843034
density_V200,p0.3_V200_E5996,Blossom,135506.33307738355,135468.58258547008
density_V200,p0.5_V200_E9967,Blossom,244668.09870206006,243820.90074487895
density_V200,p0.7_V200_E13966,Blossom,415334.6816654399,414822.4553791887
density_V200,p0.9_V200_E17913,Blossom,609178.9913212233,606267.3455985915
density_V200,p0.02_V200_E367,Gabow1976,14430.493412558448,14430.26054700393
density_V200,p0.05_V200_E956,Gabow1976,25350.371288041017,25333.234923612974
density_V200,p0.1_V200_E2002,Gabow1976,37591.61737951386,37584.6629749726
density_V200,p0.2_V200_E4009,Gabow1976,50744.87004443251,50725.30737961226
density_V200,p0.3_V200_E5996,Gabow1976,122058.89039848973,122925.98264883796
density_V200,p0.5_V200_E9967,Gabow1976,252676.62604971544,253531.9022186147
density_V200,p0.7_V200_E13966,Gabow1976,439954.79775327886,440118.61315417255
density_V200,p0.9_V200_E17913,Gabow1976,606067.7976424479,605969.6438244854
density_V200,p0.02_V200_E367,MicaliVazirani,92902.5344683536,92602.21088728191
density_V200,p0.05_V200_E956,MicaliVazirani,86738.57159915857,86671.06614167406
density_V200,p0.1_V200_E2002,MicaliVazirani,124699.43971030462,124662.84208287025
density_V200,p0.2_V200_E4009,MicaliVazirani,197243.17922895536,197174.39600550965
density_V200,p0.3_V200_E5996,MicaliVazirani,242118.8484840132,241654.73485912496
density_V200,p0.5_V200_E9967,MicaliVazirani,358415.295023785,358454.9696759259
density_V200,p0.7_V200_E13966,MicaliVazirani,497794.9316249307,500948.06598177104
density_V200,p0.9_V200_E17913,MicaliVazirani,461952.20857390115,461778.50896057347
density_V2000,p0.005_V2000_E10034,Blossom,4353636.441250001,4349685.25
density_V2000,p0.01_V2000_E20166,Blossom,3488728.069158654,3488328.974358974
density_V2000,p0.02_V2000_E40119,Blossom,3875804.0337346923,3873225.5555555555
density_V2000,p0.05_V2000_E100396,Blossom,5491995.711882228,5492542.741903964
density_V2000,p0.1_V2000_E200649,Blossom,10012205.698477631,10009229.273484848
density_V2000,p0.005_V2000_E10034,Gabow1976,2814633.1973450975,2805773.8125
density_V2000,p0.01_V2000_E20166,Gabow1976,1434180.6617504358,1432763.0717741936
density_V2000,p0.02_V2000_E40119,Gabow1976,2037783.5056309488,2037730.154078675
density_V2000,p0.05_V2000_E100396,Gabow1976,3962822.173988453,3949552.1161251506
density_V2000,p0.1_V2000_E200649,Gabow1976,8675845.977536244,8647097.193788277
density_V2000,p0.005_V2000_E10034,MicaliVazirani,1166671.9735534587,1166537.0286868687
density_V2000,p0.01_V2000_E20166,MicaliVazirani,1650480.9329242695,1650193.625
density_V2000,p0.02_V2000_E40119,MicaliVazirani,2038010.369572421,2038229.3872377623
density_V2000,p0.05_V2000_E100396,MicaliVazirani,3677237.890783496,3678107.387130565
density_V2000,p0.1_V2000_E200649,MicaliVazirani,11707465.024364652,11812528.606451612
density_V500,p0.01_V500_E1234,Blossom,260050.26815440328,260026.5364583333
density_V500,p0.02_V500_E2520,Blossom,241459.39388746978,243069.25
density_V500,p0.05_V500_E6246,Blossom,268586.15855590685,269251.6451593137
density_V500,p0.1_V500_E12524,Blossom,399713.1118142392,400691.2862654321
density_V500,p0.2_V500_E25129,Blossom,688240.5092866378,686366.3668813019
density_V500,p0.3_V500_E37569,Blossom,1164079.2594473807,1156354.307684402
density_V500,p0.5_V500_E62592,Blossom,2818146.726290296,2815454.3813287513
density_V500,p0.01_V500_E1234,Gabow1976,154055.69374366873,153898.88913170164
density_V500,p0.02_V500_E2520,Gabow1976,122798.7969236092,123843.35382401316
density_V500,p0.05_V500_E6246,Gabow1976,152339.26576586496,154667.67953216375
density_V500,p0.1_V500_E12524,Gabow1976,346272.3922127408,350007.67782152235
density_V500,p0.2_V500_E25129,Gabow1976,700029.4279179208,701405.4814053939
density_V500,p0.3_V500_E37569,Gabow1976,1208393.1643527914,1206897.4345865706
density_V500,p0.5_V500_E62592,Gabow1976,3232016.8797676405,3218292.7650442477
density_V500,p0.01_V500_E1234,MicaliVazirani,345190.1354612928,345008.26666666666
density_V500,p0.02_V500_E2520,MicaliVazirani,268029.8867753727,267450.88958333334
density_V500,p0.05_V500_E6246,MicaliVazirani,430699.7481089121,430240.8433611111
density_V500,p0.1_V500_E12524,MicaliVazirani,551709.5129086304,551150.3363815672
density_V500,p0.2_V500_E25129,MicaliVazirani,1439625.6169113494,1437520.7947469382
density_V500,p0.3_V500_E37569,MicaliVazirani,2532192.6478856187,2525458.1506944443
density_V500,p0.5_V500_E62592,MicaliVazirani,1812003.5733174998,1808535.806539735
extreme_barbell,k100_p0_V200_E9901,Blossom,351643.9793017568,351262.56455728045
extreme_barbell,k10_p0_V20_E91,Blossom,1292.6109489758137,1286.5037758927438
extreme_barbell,k10_p50_V70_E141,Blossom,5425.758354567996,5373.5569499213025
extreme_barbell,k20_p0_V40_E381,Blossom,5638.815837692842,5651.191002878986
extreme_barbell,k20_p20_V60_E401,Blossom,8294.031738527296,8263.311729400739
extreme_barbell,k50_p0_V100_E2451,Blossom,58441.28082550896,58033.07434693437
extreme_barbell,k50_p10_V110_E2461,Blossom,59611.98671881484,59589.315254532776
extreme_barbell,k100_p0_V200_E9901,Gabow1976,312777.34785518947,313537.1145296699
extreme_barbell,k10_p0_V20_E91,Gabow1976,768.2134685265794,766.3458180401049
extreme_barbell,k10_p50_V70_E141,Gabow1976,2494.2716496763837,2492.179141014961
extreme_barbell,k20_p0_V40_E381,Gabow1976,4175.124469297849,4256.897144260833
extreme_barbell,k20_p20_V60_E401,Gabow1976,5549.375121750414,5483.170697278549
extreme_barbell,k50_p0_V100_E2451,Gabow1976,47645.293296259195,48359.70638984076
extreme_barbell,k50_p10_V110_E2461,Gabow1976,51130.50317905542,51003.14611013459
extreme_barbell,k100_p0_V200_E9901,MicaliVazirani,237087.41206770492,237247.61673795423
extreme_barbell,k10_p0_V20_E91,MicaliVazirani,5674.852851196409,5655.344175848919
extreme_barbell,k10_p50_V70_E141,MicaliVazirani,12704.467044284407,12663.484339004075
extreme_barbell,k20_p0_V40_E381,MicaliVazirani,15314.881302161506,15281.767363969364
extreme_barbell,k20_p20_V60_E401,MicaliVazirani,19206.513809985,19212.116429411
extreme_barbell,k50_p0_V100_E2451,MicaliVazirani,68446.25565563401,68276.631712
extreme_barbell,k50_p10_V110_E2461,MicaliVazirani,71829.81642192038,71647.91662685141
extreme_complete_bipartite,100x100_V200_E10000,Blossom,54610.20155785004,53473.90584978427
extreme_complete_bipartite,10x100_V110_E1000,Blossom,42869.349207154,41682.65846135449
extreme_complete_bipartite,10x10_V20_E100,Blossom,951.4747699581281,950.3276712072866
extreme_complete_bipartite,25x25_V50_E625,Blossom,3667.918560169457,3671.827139399117
extreme_complete_bipartite,50x200_V250_E10000,Blossom,905775.8846654153,905710.6755186722
extreme_complete_bipartite,50x50_V100_E2500,Blossom,13117.7152513816,13137.87203471132
extreme_complete_bipartite,100x100_V200_E10000,Gabow1976,26376.235658638412,26376.888995700494
extreme_complete_bipartite,10x100_V110_E1000,Gabow1976,22021.442151592,21993.357436253067
extreme_complete_bipartite,10x10_V20_E100,Gabow1976,521.0764287994051,521.0468103544672
extreme_complete_bipartite,25x25_V50_E625,Gabow1976,2143.2491815208937,2142.65094746493
extreme_complete_bipartite,50x200_V250_E10000,Gabow1976,571516.6724875242,571134.7693654104
extreme_complete_bipartite,50x50_V100_E2500,Gabow1976,11733.68422463256,11623.865821004776
extreme_complete_bipartite,100x100_V200_E10000,MicaliVazirani,251968.51277382686,251974.61814976623
extreme_complete_bipartite,10x100_V110_E1000,MicaliVazirani,47280.50436032123,47320.75
extreme_complete_bipartite,10x10_V20_E100,MicaliVazirani,6146.941356779464,6139.0677062031355
extreme_complete_bipartite,25x25_V50_E625,MicaliVazirani,23826.231707977127,23744.36465289181
extreme_complete_bipartite,50x200_V250_E10000,MicaliVazirani,359246.6373681725,359286.07743181067
extreme_complete_bipartite,50x50_V100_E2500,MicaliVazirani,74548.94167287,74321.28940301992
extreme_crown,V100_E2450,Blossom,13133.412094670375,13164.890465626275
extreme_crown,V150_E5550,Blossom,28281.05438203188,28283.21911691808
extreme_crown,V200_E9900,Blossom,48744.18302279834,48707.53103848727
extreme_crown,V20_E90,Blossom,931.046820656838,930.0314733088364
extreme_crown,V300_E22350,Blossom,121028.11445886068,120323.85726252705
extreme_crown,V400_E39800,Blossom,194014.04423253494,193966.10213135212
extreme_crown,V50_E600,Blossom,3707.39040621699,3699.1384304104095
extreme_crown,V100_E2450,Gabow1976,7083.739739028074,7089.31497209913
extreme_crown,V150_E5550,Gabow1976,15318.402309065987,15316.429609124865
extreme_crown,V200_E9900,Gabow1976,26352.981212404884,26349.654362343164
extreme_crown,V20_E90,Gabow1976,507.9087067413491,507.87191342812787
extreme_crown,V300_E22350,Gabow1976,57847.53686303106,57873.92336280375
extreme_crown,V400_E39800,Gabow1976,103342.49276237107,103037.52304014884
extreme_crown,V50_E600,Gabow1976,2119.004065670074,2117.822963610607
extreme_crown,V100_E2450,MicaliVazirani,71413.46517384163,71435.42995049505
extreme_crown,V150_E5550,MicaliVazirani,196811.7442446967,196308.7711360177
extreme_crown,V200_E9900,MicaliVazirani,252723.06811717153,252922.20424391658
extreme_crown,V20_E90,MicaliVazirani,5979.724834790342,5976.066991833327
extreme_crown,V300_E22350,MicaliVazirani,558599.4499008341,558293.0682281059
extreme_crown,V400_E39800,MicaliVazirani,948191.4410513326,935516.4865091245
extreme_crown,V50_E600,MicaliVazirani,29425.781917212047,29408.426927860695
extreme_cycle,V10000_E10000,Blossom,63606052.21944223,63554984.563580245
extreme_cycle,V1000_E1000,Blossom,631149.1687540711,632312.0373333334
extreme_cycle,V100_E100,Blossom,7815.174041189673,7692.056755397932
extreme_cycle,V20000_E20000,Blossom,256007348.75626984,256002686.57
extreme_cycle,V2000_E2000,Blossom,2540384.9192699655,2536348.61719457
extreme_cycle,V5000_E5000,Blossom,15903577.837131357,15902395.939210951
extreme_cycle,V500_E500,Blossom,162486.1736011251,164200.9233
extreme_cycle,V50_E50,Blossom,2499.8985877519262,2495.3145521866704
extreme_cycle,V10000_E10000,Gabow1976,17503341.843292393,17499620.0654321
extreme_cycle,V1000_E1000,Gabow1976,174158.1531637266,173496.2809822624
extreme_cycle,V100_E100,Gabow1976,2402.0906761282126,2387.8481692339246
extreme_cycle,V20000_E20000,Gabow1976,76132289.43395239,75306806.37
extreme_cycle,V2000_E2000,Gabow1976,734839.4011188787,734712.9996368039
extreme_cycle,V5000_E5000,Gabow1976,4405427.577068115,4403108.839959839
extreme_cycle,V500_E500,Gabow1976,42222.56506709255,41795.47988470874
extreme_cycle,V50_E50,Gabow1976,979.3080500614317,979.391713008733
extreme_cycle,V10000_E10000,MicaliVazirani,1271615.8531130287,1266842.4581881533
extreme_cycle,V1000_E1000,MicaliVazirani,125808.62469750739,122861.33729876895
extreme_cycle,V100_E100,MicaliVazirani,14270.421294370066,14257.862185251797
extreme_cycle,V20000_E20000,MicaliVazirani,2556466.4538480886,2554685.9138302035
extreme_cycle,V2000_E2000,MicaliVazirani,263223.1641798018,258347.4402614379
extreme_cycle,V5000_E5000,MicaliVazirani,648959.9747265305,649730.7712175832
extreme_cycle,V500_E500,MicaliVazirani,65684.34005025125,65672.40310114503
extreme_cycle,V50_E50,MicaliVazirani,7436.851447397291,7400.229549632353
extreme_hypercube,d10_V1024_E5120,Blossom,636295.6965619975,636669.5220508658
extreme_hypercube,d12_V4096_E24576,Blossom,10250077.623456873,10267882.188915094
extreme_hypercube,d14_V16384_E114688,Blossom,165420912.30751136,165095825.69047618
extreme_hypercube,d4_V16_E32,Blossom,547.212208382267,546.5270415382283
extreme_hypercube,d6_V64_E192,Blossom,3578.8465580695606,3577.9823334828434
extreme_hypercube,d8_V256_E1024,Blossom,45488.99532668707,43845.50301816239
extreme_hypercube,d10_V1024_E5120,Gabow1976,180500.5999800128,180052.23076060967
extreme_hypercube,d12_V4096_E24576,Gabow1976,3055853.881151905,3064171.7951680673
extreme_hypercube,d14_V16384_E114688,Gabow1976,48599002.67137336,48430799.49130435
extreme_hypercube,d4_V16_E32,Gabow1976,315.38881025335553,313.34482800788385
extreme_hypercube,d6_V64_E192,Gabow1976,1431.9653472440193,1425.471609517088
extreme_hypercube,d8_V256_E1024,Gabow1976,13299.591598075098,13274.089069020058
extreme_hypercube,d10_V1024_E5120,MicaliVazirani,286618.6609792418,285803.35320723685
extreme_hypercube,d12_V4096_E24576,MicaliVazirani,2442897.170139068,2442122.9264264265
extreme_hypercube,d14_V16384_E114688,MicaliVazirani,10149368.506089803,10164115.118386243
extreme_hypercube,d4_V16_E32,MicaliVazirani,2491.16560576717,2487.5190747782003
extreme_hypercube,d6_V64_E192,MicaliVazirani,13252.947073198557,13237.962710691823
extreme_hypercube,d8_V256_E1024,MicaliVazirani,52736.36857899135,52651.323183573186
extreme_path,V10000_E9999,Blossom,62547821.65009481,62330549.010582015
extreme_path,V1000_E999,Blossom,678623.0087522413,685823.3395467836
extreme_path,V100_E99,Blossom,11685.950880913915,11374.806102279083
extreme_path,V20000_E19999,Blossom,257140027.90943652,257058996.76999998
extreme_path,V2000_E1999,Blossom,2581857.312819298,2583016.7148148147
extreme_path,V5000_E4999,Blossom,15237173.829646662,15182135.45479452
extreme_path,V500_E499,Blossom,160268.76553260596,159268.83562091505
extreme_path,V50_E49,Blossom,2268.698883865517,2260.9724643868244
extreme_path,V10000_E9999,Gabow1976,18161994.855794303,17923017.1852459
extreme_path,V1000_E999,Gabow1976,164488.46162255414,164277.7564850843
extreme_path,V100_E99,Gabow1976,2290.1179584157185,2289.2160372710587
extreme_path,V20000_E19999,Gabow1976,76823713.99257937,74678305.1688889
extreme_path,V2000_E1999,Gabow1976,708075.7804335265,714992.2456084656
extreme_path,V5000_E4999,Gabow1976,4229892.261037981,4187970.3039591317
extreme_path,V500_E499,Gabow1976,40669.48096779721,40707.788095238095
extreme_path,V50_E49,Gabow1976,911.9438537675371,912.0033396816295
extreme_path,V10000_E9999,MicaliVazirani,1276671.1897907269,1276070.9562378167
extreme_path,V1000_E999,MicaliVazirani,123801.44109366302,123551.42868959342
extreme_path,V100_E99,MicaliVazirani,14572.558083779713,14529.562546330615
extreme_path,V20000_E19999,MicaliVazirani,2576233.3952906327,2575554.1477112677
extreme_path,V2000_E1999,MicaliVazirani,247322.35882531884,245599.4512310606
extreme_path,V5000_E4999,MicaliVazirani,610604.2214317273,609795.6433540139
extreme_path,V500_E499,MicaliVazirani,62990.379941304185,62870.29809620859
extreme_path,V50_E49,MicaliVazirani,6917.664396828239,6875.942506761326
extreme_star,V10000_E9999,Blossom,127917820.574806,127807919.54166666
extreme_star,V1000_E999,Blossom,1198510.840915632,1189467.0438402593
extreme_star,V100_E99,Blossom,14685.879124678124,14219.406822051937
extreme_star,V20000_E19999,Blossom,491617029.92226183,489573535.825
extreme_star,V2000_E1999,Blossom,5006929.298275794,5006621.692592593
extreme_star,V5000_E4999,Blossom,31784461.410028346,31712693.190476194
extreme_star,V500_E499,Blossom,315361.416372575,309957.5315789473
extreme_star,V50_E49,Blossom,3895.325195092928,3898.672296563803
extreme_star,V10000_E9999,Gabow1976,34787640.43412202,34526658.89973958
extreme_star,V1000_E999,Gabow1976,327121.6511807487,325560.8067550505
extreme_star,V100_E99,Gabow1976,4214.218973497097,4198.137479153332
extreme_star,V20000_E19999,Gabow1976,144432659.4530605,142541181.46651787
extreme_star,V2000_E1999,Gabow1976,1392260.3049263617,1390550.135317837
extreme_star,V5000_E4999,Gabow1976,8682656.640226757,8682403.222883597
extreme_star,V500_E499,Gabow1976,79686.31463707937,79452.49273026787
extreme_star,V50_E49,Gabow1976,1542.8029324183028,1536.3641615722536
extreme_star,V10000_E9999,MicaliVazirani,771620.6903359898,766291.8625761837
extreme_star,V1000_E999,MicaliVazirani,79933.51606776891,79758.7252599617
extreme_star,V100_E99,MicaliVazirani,10471.057205698764,10325.935588008351
extreme_star,V20000_E19999,MicaliVazirani,1497591.6291392655,1494370.4667125172
extreme_star,V2000_E1999,MicaliVazirani,157608.44588477016,157320.6800503096
extreme_star,V5000_E4999,MicaliVazirani,380412.0693802896,380497.59155019803
extreme_star,V500_E499,MicaliVazirani,41398.67040387185,41169.78462519936
extreme_star,V50_E49,MicaliVazirani,5306.165955761742,5323.4742857142855
realworld_barabasi_albert_m2,V1000_E1997,Blossom,934605.2840313038,933518.3841911764
realworld_barabasi_albert_m2,V100_E197,Blossom,12488.319734207398,12487.849097184195
realworld_barabasi_albert_m2,V2000_E3997,Blossom,3572421.535914636,3574288.7703583064
realworld_barabasi_albert_m2,V200_E397,Blossom,42473.669291826656,42465.863673973785
realworld_barabasi_albert_m2,V5000_E9997,Blossom,21643195.144502025,21650245.760021783
realworld_barabasi_albert_m2,V500_E997,Blossom,249634.46064922065,249803.30865065168
realworld_barabasi_albert_m2,V50_E97,Blossom,4441.154529138425,4453.433360536257
realworld_barabasi_albert_m2,V1000_E1997,Gabow1976,262950.1794411002,262924.77661059715
realworld_barabasi_albert_m2,V100_E197,Gabow1976,5223.131410614483,5214.094057720058
realworld_barabasi_albert_m2,V2000_E3997,Gabow1976,1017616.1500291349,1017870.9891186493
realworld_barabasi_albert_m2,V200_E397,Gabow1976,15101.203365413066,15095.78738512949
realworld_barabasi_albert_m2,V5000_E9997,Gabow1976,5601205.89867379,5598732.282621083
realworld_barabasi_albert_m2,V500_E997,Gabow1976,68275.5283847716,68121.72250130822
realworld_barabasi_albert_m2,V50_E97,Gabow1976,2247.77327433319,2259.2622823499937
realworld_barabasi_albert_m2,V1000_E1997,MicaliVazirani,445866.77636530885,445536.39561855665
realworld_barabasi_albert_m2,V100_E197,MicaliVazirani,28983.098245180063,28970.05754944219
realworld_barabasi_albert_m2,V2000_E3997,MicaliVazirani,1041864.5872941868,1040913.693353269
realworld_barabasi_albert_m2,V200_E397,MicaliVazirani,62770.85543480024,62787.17455747377
realworld_barabasi_albert_m2,V5000_E9997,MicaliVazirani,3159130.9178268043,3155131.8477874678
realworld_barabasi_albert_m2,V500_E997,MicaliVazirani,180329.6877811275,179638.50890873015
realworld_barabasi_albert_m2,V50_E97,MicaliVazirani,11838.700042653898,11817.271525562643
realworld_barabasi_albert_m5,V1000_E4985,Blossom,1370346.8025612405,1376131.2280505951
realworld_barabasi_albert_m5,V100_E485,Blossom,22670.3108680433,22654.81630802708
realworld_barabasi_albert_m5,V2000_E9985,Blossom,4745175.043124674,4767779.981813525
realworld_barabasi_albert_m5,V200_E985,Blossom,64010.79973570993,64986.33933884297
realworld_barabasi_albert_m5,V5000_E24985,Blossom,24276144.005533602,24510909.101063833
realworld_barabasi_albert_m5,V500_E2485,Blossom,368969.50211362453,377990.31868279574
realworld_barabasi_albert_m5,V50_E235,Blossom,7380.560628383039,7380.905887178193
realworld_barabasi_albert_m5,V1000_E4985,Gabow1976,1065699.781871653,1067416.6477485928
realworld_barabasi_albert_m5,V100_E485,Gabow1976,14039.101696293663,14038.538494269027
realworld_barabasi_albert_m5,V2000_E9985,Gabow1976,2780226.3473942475,2779758.3716370557
realworld_barabasi_albert_m5,V200_E985,Gabow1976,36353.74190329509,37270.04796264856
realworld_barabasi_albert_m5,V5000_E24985,Gabow1976,10724437.945926568,10657602.90776699
realworld_barabasi_albert_m5,V500_E2485,Gabow1976,287035.69291495753,281718.49143835617
realworld_barabasi_albert_m5,V50_E235,Gabow1976,4336.154956518492,4165.573955798719
realworld_barabasi_albert_m5,V1000_E4985,MicaliVazirani,604595.9612024557,604569.7678617158
realworld_barabasi_albert_m5,V100_E485,MicaliVazirani,44417.05052687167,44377.70648148148
realworld_barabasi_albert_m5,V2000_E9985,MicaliVazirani,1460086.8314293113,1460430.2881935197
realworld_barabasi_albert_m5,V200_E985,MicaliVazirani,92790.24508522509,92513.47207792208
realworld_barabasi_albert_m5,V5000_E24985,MicaliVazirani,3821004.8641823456,3820140.768148518
realworld_barabasi_albert_m5,V500_E2485,MicaliVazirani,298645.948639075,298616.79971287394
realworld_barabasi_albert_m5,V50_E235,MicaliVazirani,21160.195301515945,21049.327249525166
realworld_random_geometric,V1000_E3013,Blossom,1583795.4004544828,1594085.9135416667
realworld_random_geometric,V100_E268,Blossom,22236.391332281913,22234.162055335968
realworld_random_geometric,V2000_E5874,Blossom,7424493.4885513205,7426355.50365991
realworld_random_geometric,V200_E602,Blossom,92112.28310988762,92994.36186540732
realworld_random_geometric,V5000_E14949,Blossom,40522994.00864796,40418433.92916667
realworld_random_geometric,V500_E1451,Blossom,343563.73051955935,351145.23986013985
realworld_random_geometric,V50_E127,Blossom,6087.511866062953,6250.772845004095
realworld_random_geometric,V1000_E3013,Gabow1976,1028459.1679100323,1051799.7996954597
realworld_random_geometric,V100_E268,Gabow1976,12395.267632141062,12700.652417654223
realworld_random_geometric,V2000_E5874,Gabow1976,5144006.867895919,5182785.272323693
realworld_random_geometric,V200_E602,Gabow1976,65996.82904449872,65965.9040578597
realworld_random_geometric,V5000_E14949,Gabow1976,25078840.51613907,24567088.842532467
realworld_random_geometric,V500_E1451,Gabow1976,191083.79666811775,193873.89475108223
realworld_random_geometric,V50_E127,Gabow1976,3330.7403706695172,3251.24305304378
realworld_random_geometric,V1000_E3013,MicaliVazirani,1053621.6420885974,1053472.675317907
realworld_random_geometric,V100_E268,MicaliVazirani,49696.54170950709,49575.073004385966
realworld_random_geometric,V2000_E5874,MicaliVazirani,2683832.9986545863,2683214.87657563
realworld_random_geometric,V200_E602,MicaliVazirani,163166.13607645,163003.62934472936
realworld_random_geometric,V5000_E14949,MicaliVazirani,7839498.614143709,7838204.691666666
realworld_random_geometric,V500_E1451,MicaliVazirani,386607.4547306766,386413.060682398
realworld_random_geometric,V50_E127,MicaliVazirani,22678.43019480506,22658.671085858587
realworld_random_regular_k4,V1000_E2000,Blossom,958934.3259949317,945040.3284722222
realworld_random_regular_k4,V100_E200,Blossom,11725.125197454898,11711.708134354332
realworld_random_regular_k4,V2000_E4000,Blossom,3309239.7556206966,3291590.7558232932
realworld_random_regular_k4,V200_E400,Blossom,33196.91970939625,33223.752380952385
realworld_random_regular_k4,V5000_E10000,Blossom,22560992.317483805,22381286.6984127
realworld_random_regular_k4,V500_E1000,Blossom,282006.4510472543,285386.4099821747
realworld_random_regular_k4,V50_E100,Blossom,3630.7460287614085,3636.2492364811087
realworld_random_regular_k4,V1000_E2000,Gabow1976,450890.9895997841,449414.1726641414
realworld_random_regular_k4,V100_E200,Gabow1976,5299.79119920385,5299.319160217955
realworld_random_regular_k4,V2000_E4000,Gabow1976,1416632.7692937213,1428993.2159475465
realworld_random_regular_k4,V200_E400,Gabow1976,9688.902653316103,9700.501880762218
realworld_random_regular_k4,V5000_E10000,Gabow1976,10415840.134006426,10403747.21952381
realworld_random_regular_k4,V500_E1000,Gabow1976,133300.00535970886,133245.39241486066
realworld_random_regular_k4,V50_E100,Gabow1976,1696.2730164259206,1696.6822323306833
realworld_random_regular_k4,V1000_E2000,MicaliVazirani,345342.0413200758,344678.7322751323
realworld_random_regular_k4,V100_E200,MicaliVazirani,28017.64292136211,27917.40607638889
realworld_random_regular_k4,V2000_E4000,MicaliVazirani,774229.3519922318,773837.9965842167
realworld_random_regular_k4,V200_E400,MicaliVazirani,59463.21052547821,59447.37494671782
realworld_random_regular_k4,V5000_E10000,MicaliVazirani,2111976.141644408,2108009.151837524
realworld_random_regular_k4,V500_E1000,MicaliVazirani,138174.93872511017,138183.58883420302
realworld_random_regular_k4,V50_E100,MicaliVazirani,13916.88109665365,13891.628936539651
realworld_stochastic_block_model,V1000_E76893,Blossom,5409241.560554778,5391136.82962963
realworld_stochastic_block_model,V100_E726,Blossom,15065.092566259835,15063.038758265218
realworld_stochastic_block_model,V2000_E309322,Blossom,37086646.36757168,37353749.92473118
realworld_stochastic_block_model,V200_E3068,Blossom,73429.74533852116,73505.14150068953
realworld_stochastic_block_model,V500_E19431,Blossom,800764.0684604363,800737.2438616072
realworld_stochastic_block_model,V50_E176,Blossom,5183.719665775958,5180.112586449695
realworld_stochastic_block_model,V1000_E76893,Gabow1976,4406183.221954838,4478960.313
realworld_stochastic_block_model,V100_E726,Gabow1976,7079.579356019901,7206.13013108701
realworld_stochastic_block_model,V2000_E309322,Gabow1976,29009694.19649123,29016627.788377196
realworld_stochastic_block_model,V200_E3068,Gabow1976,43386.32170902754,43392.902127659574
realworld_stochastic_block_model,V500_E19431,Gabow1976,607432.4333476429,612435.7996222528
realworld_stochastic_block_model,V50_E176,Gabow1976,3053.816838880101,3051.981901709402
realworld_stochastic_block_model,V1000_E76893,MicaliVazirani,2511670.3370122476,2506105.5888490165
realworld_stochastic_block_model,V100_E726,MicaliVazirani,37888.79179292333,37749.060180046865
realworld_stochastic_block_model,V2000_E309322,MicaliVazirani,10612302.4514899,10989912.68013468
realworld_stochastic_block_model,V200_E3068,MicaliVazirani,145771.22451716903,145675.7506868132
realworld_stochastic_block_model,V500_E19431,MicaliVazirani,747454.2285276473,746363.3705528188
realworld_stochastic_block_model,V50_E176,MicaliVazirani,14513.192319174712,14487.342366764926
realworld_watts_strogatz_k10,V1000_E5000,Blossom,934255.4723257351,934664.8447204969
realworld_watts_strogatz_k10,V100_E500,Blossom,12203.361444054706,12391.07710653544
realworld_watts_strogatz_k10,V2000_E10000,Blossom,3581615.4206657,3603271.9998397436
realworld_watts_strogatz_k10,V200_E1000,Blossom,41966.17562908497,41980.963462846805
realworld_watts_strogatz_k10,V5000_E25000,Blossom,21521004.665929817,21526867.27254902
realworld_watts_strogatz_k10,V500_E2500,Blossom,221280.15740099223,222598.4118898778
realworld_watts_strogatz_k10,V50_E250,Blossom,4893.012399449154,4848.918825757575
realworld_watts_strogatz_k10,V1000_E5000,Gabow1976,293453.7473923412,292531.1159554731
realworld_watts_strogatz_k10,V100_E500,Gabow1976,4670.24313598134,4599.586298309328
realworld_watts_strogatz_k10,V2000_E10000,Gabow1976,1138107.9651143155,1137296.8737796373
realworld_watts_strogatz_k10,V200_E1000,Gabow1976,18276.588750649713,18272.98046938055
realworld_watts_strogatz_k10,V5000_E25000,Gabow1976,7102529.946103638,7103218.5553300865
realworld_watts_strogatz_k10,V500_E2500,Gabow1976,74525.05982840993,74191.79389367816
realworld_watts_strogatz_k10,V50_E250,Gabow1976,2551.86554140044,2556.3722859816157
realworld_watts_strogatz_k10,V1000_E5000,MicaliVazirani,372564.4962870541,372462.2584541063
realworld_watts_strogatz_k10,V100_E500,MicaliVazirani,30636.236365677894,30560.138552941742
realworld_watts_strogatz_k10,V2000_E10000,MicaliVazirani,777469.9408478198,776621.4820075757
realworld_watts_strogatz_k10,V200_E1000,MicaliVazirani,84068.84195920304,84049.5814670139
realworld_watts_strogatz_k10,V5000_E25000,MicaliVazirani,2211919.931857689,2210817.7143724696
realworld_watts_strogatz_k10,V500_E2500,MicaliVazirani,208748.61272456337,208639.09876543208
realworld_watts_strogatz_k10,V50_E250,MicaliVazirani,16675.83836483801,16552.293179731198
realworld_watts_strogatz_k6,V1000_E3000,Blossom,913449.0807536615,915410.0099734042
realworld_watts_strogatz_k6,V100_E300,Blossom,11959.304311088512,12044.255468443156
realworld_watts_strogatz_k6,V2000_E6000,Blossom,3628305.7422213173,3637971.0006107492
realworld_watts_strogatz_k6,V200_E600,Blossom,41231.32992318351,40858.62361516035
realworld_watts_strogatz_k6,V5000_E15000,Blossom,21481758.97065873,21478106.60857143
realworld_watts_strogatz_k6,V500_E1500,Blossom,235789.91925194158,236083.0644013579
realworld_watts_strogatz_k6,V50_E150,Blossom,4087.2478174519206,4009.820956039266
realworld_watts_strogatz_k6,V1000_E3000,Gabow1976,297292.26656294346,296524.26155319775
realworld_watts_strogatz_k6,V100_E300,Gabow1976,4559.560102613562,4643.619527659142
realworld_watts_strogatz_k6,V2000_E6000,Gabow1976,1183178.7621746806,1183949.9217171718
realworld_watts_strogatz_k6,V200_E600,Gabow1976,16555.165996491258,16558.723029324727
realworld_watts_strogatz_k6,V5000_E15000,Gabow1976,7310434.7067373,7310809.7345
realworld_watts_strogatz_k6,V500_E1500,Gabow1976,79091.56762149114,79144.77151515151
realworld_watts_strogatz_k6,V50_E150,Gabow1976,1923.416442644979,1912.6370622459106
realworld_watts_strogatz_k6,V1000_E3000,MicaliVazirani,279578.6712083352,279588.4427174976
realworld_watts_strogatz_k6,V100_E300,MicaliVazirani,25627.390855372865,25490.967518527985
realworld_watts_strogatz_k6,V2000_E6000,MicaliVazirani,612795.8471419225,612274.0798560479
realworld_watts_strogatz_k6,V200_E600,MicaliVazirani,51699.84545488907,51677.45528697308
realworld_watts_strogatz_k6,V5000_E15000,MicaliVazirani,1756195.2843944267,1753121.7114147912
realworld_watts_strogatz_k6,V500_E1500,MicaliVazirani,128076.76870584047,128085.42993735574
realworld_watts_strogatz_k6,V50_E150,MicaliVazirani,12764.62495507767,12759.290911263437
size_complete,V100_E4950,Blossom,111117.22356627835,110549.93119296833
size_complete,V10_E45,Blossom,696.0575194447234,696.0812348586023
size_complete,V200_E19900,Blossom,733211.6525567387,728511.1526181353
size_complete,V20_E190,Blossom,2128.501166161834,2125.800857539407
size_complete,V300_E44850,Blossom,2441524.983372443,2274275.287113402
size_complete,V400_E79800,Blossom,5053144.377956076,5046143.837941628
size_complete,V500_E124750,Blossom,9699999.721099874,9703180.795796461
size_complete,V50_E1225,Blossom,19225.40465402374,19197.29407051282
size_complete,V100_E4950,Gabow1976,100187.18142940292,101026.29168858266
size_complete,V10_E45,Gabow1976,413.547562696484,409.1603648316508
size_complete,V200_E19900,Gabow1976,675235.8469288144,676057.9045769055
size_complete,V20_E190,Gabow1976,1342.428674275627,1340.114228447242
size_complete,V300_E44850,Gabow1976,2131761.5298887794,2128723.3441814594
size_complete,V400_E79800,Gabow1976,4951255.603729622,4951967.3864864865
size_complete,V500_E124750,Gabow1976,9416706.808119997,9406676.50091575
size_complete,V50_E1225,Gabow1976,17267.512717687197,17260.20902494072
size_complete,V100_E4950,MicaliVazirani,131101.37840997876,131071.37700000001
size_complete,V10_E45,MicaliVazirani,3251.907945609628,3254.7018560823144
size_complete,V200_E19900,MicaliVazirani,506672.9491829123,513144.2021496328
size_complete,V20_E190,MicaliVazirani,8489.671497164443,8407.982822966915
size_complete,V300_E44850,MicaliVazirani,1057509.3314118388,1056090.1675531915
size_complete,V400_E79800,MicaliVazirani,1729366.9925567969,1728840.30223802
size_complete,V500_E124750,MicaliVazirani,2685809.990935494,2569379.6170212766
size_complete,V50_E1225,MicaliVazirani,37404.13399092056,37404.00365868409
size_dense_half,V1000_E250000,Blossom,19574710.12022676,19536190.778769843
size_dense_half,V100_E2500,Blossom,38372.22723715284,38301.92447685293
size_dense_half,V200_E10000,Blossom,228151.9585217161,227634.33311726007
size_dense_half,V20_E100,Blossom,1238.5622985983232,1236.8898507778863
size_dense_half,V500_E62500,Blossom,2758612.3772900635,2754745.9851290686
size_dense_half,V50_E625,Blossom,6804.526184633152,6823.7073054306475
size_dense_half,V750_E140625,Blossom,8563383.910992062,8550556.19810268
size_dense_half,V1000_E250000,Gabow1976,21775514.558376066,21826188.163461536
size_dense_half,V100_E2500,Gabow1976,28732.868868210502,28540.33574885439
size_dense_half,V200_E10000,Gabow1976,208076.91179551033,208160.16718009478
size_dense_half,V20_E100,Gabow1976,785.1557045805745,785.0501923718316
size_dense_half,V500_E62500,Gabow1976,3008618.4349171654,3011326.966530055
size_dense_half,V50_E625,Gabow1976,4229.607057998569,4251.341603524955
size_dense_half,V750_E140625,Gabow1976,9087591.52602981,9093798.767276421
size_dense_half,V1000_E250000,MicaliVazirani,6851374.672767857,6850641.0171875
size_dense_half,V100_E2500,MicaliVazirani,78666.53607319882,78636.73335470086
size_dense_half,V200_E10000,MicaliVazirani,295523.5194613617,294830.1352129817
size_dense_half,V20_E100,MicaliVazirani,7593.903188547573,7614.501533000456
size_dense_half,V500_E62500,MicaliVazirani,1922539.137401639,1924529.554585463
size_dense_half,V50_E625,MicaliVazirani,23307.84473677119,23293.68743315508
size_dense_half,V750_E140625,MicaliVazirani,5832473.437870514,5837277.3717391305
size_grid,V10000_E19800,Blossom,63042520.76425265,62933420.85436508
size_grid,V100_E180,Blossom,8062.4317425695945,7910.343555739742
size_grid,V1024_E1984,Blossom,687757.2675046049,684766.343915344
size_grid,V2025_E3960,Blossom,2753767.792460918,2630606.227102683
size_grid,V225_E420,Blossom,39625.95776044719,36803.00135573122
size_grid,V25_E40,Blossom,1414.4943299461943,1411.435536984567
size_grid,V3025_E5940,Blossom,7742105.900455746,6751948.581414474
size_grid,V484_E924,Blossom,152021.61176262613,152144.29207492014
size_grid,V4900_E9660,Blossom,15200889.281330157,15127921.692201518
size_grid,V49_E84,Blossom,2732.5390740543967,2718.350119003532
size_grid,V9_E12,Blossom,481.2646413194777,467.42756949766977
size_grid,V10000_E19800,Gabow1976,18386712.01960516,18340907.298611112
size_grid,V100_E180,Gabow1976,2561.3732420143447,2555.544861544202
size_grid,V1024_E1984,Gabow1976,195694.17694286033,186229.0258154202
size_grid,V2025_E3960,Gabow1976,755542.4866484829,755088.2570175438
size_grid,V225_E420,Gabow1976,10967.518520119469,10965.146728585289
size_grid,V25_E40,Gabow1976,593.9446923406524,593.6197122728406
size_grid,V3025_E5940,Gabow1976,1682397.2375955186,1682331.9845154844
size_grid,V484_E924,Gabow1976,41018.23728352903,41105.34090427267
size_grid,V4900_E9660,Gabow1976,4257482.624174315,4241403.871212121
size_grid,V49_E84,Gabow1976,1275.8648419692995,1271.158241780832
size_grid,V9_E12,Gabow1976,285.205201111475,280.839566482421
size_grid,V10000_E19800,MicaliVazirani,1493604.853718254,1495715.040547945
size_grid,V100_E180,MicaliVazirani,15374.11835696546,15307.411521978021
size_grid,V1024_E1984,MicaliVazirani,152175.5834081854,152073.1171125694
size_grid,V2025_E3960,MicaliVazirani,418283.74141163327,416106.577264239
size_grid,V225_E420,MicaliVazirani,44031.34852354818,43992.138084549195
size_grid,V25_E40,MicaliVazirani,5220.715548936055,5219.547786654135
size_grid,V3025_E5940,MicaliVazirani,631521.800661618,630609.3026683524
size_grid,V484_E924,MicaliVazirani,71687.45534444912,71584.15238095238
size_grid,V4900_E9660,MicaliVazirani,734869.6139623236,731755.8995291903
size_grid,V49_E84,MicaliVazirani,10760.47559858122,10751.51995182237
size_grid,V9_E12,MicaliVazirani,1867.7646025070153,1865.8724957857694
size_hexagonal_lattice,V10080_E14979,Blossom,65460502.43914332,65433503.191176474
size_hexagonal_lattice,V1010_E1471,Blossom,669030.8744800729,665351.1486127509
size_hexagonal_lattice,V16_E19,Blossom,548.8667262903518,547.6859138763637
size_hexagonal_lattice,V1982_E2911,Blossom,2584670.9810545803,2578202.0163398692
size_hexagonal_lattice,V240_E339,Blossom,39639.260473092974,39426.78736813874
size_hexagonal_lattice,V30_E38,Blossom,1157.5359559799615,1157.0321306213482
size_hexagonal_lattice,V3118_E4599,Blossom,6136055.970643078,6127446.683333334
size_hexagonal_lattice,V510_E734,Blossom,168477.29320116725,168280.08601390664
size_hexagonal_lattice,V5200_E7699,Blossom,17524513.03332766,17476538.45714286
size_hexagonal_lattice,V6_E6,Blossom,252.17138926156815,249.37077972883304
size_hexagonal_lattice,V96_E131,Blossom,7263.876123547136,7261.873351648352
size_hexagonal_lattice,V10080_E14979,Gabow1976,18589178.772691686,18572284.16101695
size_hexagonal_lattice,V1010_E1471,Gabow1976,181817.6709682546,180860.36554621847
size_hexagonal_lattice,V16_E19,Gabow1976,312.7494938213048,311.4840301301593
size_hexagonal_lattice,V1982_E2911,Gabow1976,738020.4144922822,737243.8037592886
size_hexagonal_lattice,V240_E339,Gabow1976,11083.275315864703,11071.499833808168
size_hexagonal_lattice,V30_E38,Gabow1976,574.3664668785136,572.7573429214752
size_hexagonal_lattice,V3118_E4599,Gabow1976,1816036.0184468895,1814369.9241898148
size_hexagonal_lattice,V510_E734,Gabow1976,44816.005324739504,44812.65958463677
size_hexagonal_lattice,V5200_E7699,Gabow1976,4970298.810329601,4969033.161719939
size_hexagonal_lattice,V6_E6,Gabow1976,178.0706809340337,171.29502455288633
size_hexagonal_lattice,V96_E131,Gabow1976,2501.39111909632,2500.1165698180694
size_hexagonal_lattice,V10080_E14979,MicaliVazirani,1443471.2206339512,1447053.1136363638
size_hexagonal_lattice,V1010_E1471,MicaliVazirani,144753.99617002014,144454.7950440917
size_hexagonal_lattice,V16_E19,MicaliVazirani,2540.5414872578044,2541.921651005141
size_hexagonal_lattice,V1982_E2911,MicaliVazirani,283519.26079572027,283428.4251024913
size_hexagonal_lattice,V240_E339,MicaliVazirani,33015.35950100069,33003.60975764497
size_hexagonal_lattice,V30_E38,MicaliVazirani,4441.282405153808,4435.139896084527
size_hexagonal_lattice,V3118_E4599,MicaliVazirani,458846.6846226853,456882.59351503756
size_hexagonal_lattice,V510_E734,MicaliVazirani,72383.54164274888,72381.69691139614
size_hexagonal_lattice,V5200_E7699,MicaliVazirani,747407.4314484942,747829.3661339423
size_hexagonal_lattice,V6_E6,MicaliVazirani,1132.8442661023169,1131.7049898115506
size_hexagonal_lattice,V96_E131,MicaliVazirani,14379.243432433143,14381.488030538301
size_medium_d20,V1000_E10000,Blossom,918468.3025439121,907506.948868189
size_medium_d20,V100_E1000,Blossom,15949.451362839576,15934.293208412397
size_medium_d20,V2000_E20000,Blossom,3861364.8894430525,3860126.314912281
size_medium_d20,V200_E2000,Blossom,52319.6647669235,52220.22574647574
size_medium_d20,V20_E190,Blossom,2135.8880127494685,2137.0919367471506
size_medium_d20,V3000_E30000,Blossom,9188963.537626445,9186885.418146355
size_medium_d20,V500_E5000,Blossom,223130.24363196414,223495.27651821863
size_medium_d20,V50_E500,Blossom,6891.097302766109,6917.1948996219835
size_medium_d20,V1000_E10000,Gabow1976,522461.35963914107,526308.588989442
size_medium_d20,V100_E1000,Gabow1976,9618.574512088295,9620.955804583227
size_medium_d20,V2000_E20000,Gabow1976,2706930.8951520505,2687099.6719678217
size_medium_d20,V200_E2000,Gabow1976,32179.168821032526,32170.1819443189
size_medium_d20,V20_E190,Gabow1976,1488.785913941046,1488.2359810844491
size_medium_d20,V3000_E30000,Gabow1976,6869765.509489795,6994078.936309524
size_medium_d20,V500_E5000,Gabow1976,111526.7246892127,112546.56635794583
size_medium_d20,V50_E500,Gabow1976,4391.696853490813,4445.918666555506
size_medium_d20,V1000_E10000,MicaliVazirani,779905.6156510431,779813.9853050595
size_medium_d20,V100_E1000,MicaliVazirani,56065.26427071176,55577.8991615936
size_medium_d20,V2000_E20000,MicaliVazirani,1574679.9706825053,1569638.3147546896
size_medium_d20,V200_E2000,MicaliVazirani,123956.26229993801,123950.2715621808
size_medium_d20,V20_E190,MicaliVazirani,8172.9263100129165,8150.7148529187625
size_medium_d20,V3000_E30000,MicaliVazirani,2478118.6820616885,2472886.659659091
size_medium_d20,V500_E5000,MicaliVazirani,375724.3637898136,374755.51266821945
size_medium_d20,V50_E500,MicaliVazirani,25139.25333050765,25128.702774091464
size_sparse_d6,V10000_E30000,Blossom,121944940.83408287,121750502.6388889
size_sparse_d6,V1000_E3000,Blossom,835502.6179352229,831711.8083791209
size_sparse_d6,V100_E300,Blossom,15159.939056000338,15143.93244949495
size_sparse_d6,V10_E30,Blossom,577.5200687419623,576.3816710732472
size_sparse_d6,V2000_E6000,Blossom,2982972.586111218,2980196.361403509
size_sparse_d6,V200_E600,Blossom,55287.37697342677,55305.53943167305
size_sparse_d6,V20_E60,Blossom,1245.9137862577738,1242.9401788136638
size_sparse_d6,V3000_E9000,Blossom,9908063.920164691,9895499.031578947
size_sparse_d6,V5000_E15000,Blossom,19908754.124716554,19716816.42113095
size_sparse_d6,V500_E1500,Blossom,244718.76159663318,244562.22419670847
size_sparse_d6,V50_E150,Blossom,3005.726550854657,2998.995556994361
size_sparse_d6,V7500_E22500,Blossom,47482906.88240511,47445280.94306418
size_sparse_d6,V10000_E30000,Gabow1976,108374208.4084055,107772264.03571428
size_sparse_d6,V1000_E3000,Gabow1976,502609.699888457,502511.5917977656
size_sparse_d6,V100_E300,Gabow1976,8507.108372192566,8507.993956365868
size_sparse_d6,V10_E30,Gabow1976,404.85838134790254,388.5083583378148
size_sparse_d6,V2000_E6000,Gabow1976,1096402.049592868,1090134.6373511904
size_sparse_d6,V200_E600,Gabow1976,34682.59674401966,34697.45426307368
size_sparse_d6,V20_E60,Gabow1976,743.6332752653657,743.3409782911863
size_sparse_d6,V3000_E9000,Gabow1976,7718799.68609893,7707471.665277777
size_sparse_d6,V5000_E15000,Gabow1976,9914529.778958771,9707445.40442478
size_sparse_d6,V500_E1500,Gabow1976,152567.72045425855,152539.18889311043
size_sparse_d6,V50_E150,Gabow1976,1442.0970827224016,1442.1937376340727
size_sparse_d6,V7500_E22500,Gabow1976,25693508.841135804,24215422.51851852
size_sparse_d6,V10000_E30000,MicaliVazirani,10655035.496276129,10685108.018564356
size_sparse_d6,V1000_E3000,MicaliVazirani,517620.5023848865,517607.63037367724
size_sparse_d6,V100_E300,MicaliVazirani,37817.56739037766,37926.77670189417
size_sparse_d6,V10_E30,MicaliVazirani,3281.7747955573404,3278.0607684895203
size_sparse_d6,V2000_E6000,MicaliVazirani,1123644.6792427585,1123068.691025641
size_sparse_d6,V200_E600,MicaliVazirani,123239.86989975879,123300.03870149459
size_sparse_d6,V20_E60,MicaliVazirani,6940.189712993072,6939.509000847637
size_sparse_d6,V3000_E9000,MicaliVazirani,2749229.060285157,2751874.469184028
size_sparse_d6,V5000_E15000,MicaliVazirani,3227687.4274480715,3231819.5667655785
size_sparse_d6,V500_E1500,MicaliVazirani,271326.7069219936,256379.94797473057
size_sparse_d6,V50_E150,MicaliVazirani,15624.06502965268,15617.36828316611
size_sparse_d6,V7500_E22500,MicaliVazirani,5114058.9663922265,5119770.646651091
size_torus,V10000_E20000,Blossom,62882965.51153217,62856349.9074074
size_torus,V100_E200,Blossom,7914.176261536433,7902.463470512172
size_torus,V1024_E2048,Blossom,686977.713588374,687035.325367647
size_torus,V2025_E4050,Blossom,3469309.131899702,3463532.9986013984
size_torus,V225_E450,Blossom,54484.4648592775,49799.72422394679
size_torus,V25_E50,Blossom,1553.8078362722617,1549.2580569359934
size_torus,V3025_E6050,Blossom,7861875.424710819,7558921.464197531
size_torus,V484_E968,Blossom,152292.68130680925,152285.12840136053
size_torus,V4900_E9800,Blossom,15523668.244404187,15514462.558333334
size_torus,V49_E98,Blossom,3704.779128455272,3705.9663770453863
size_torus,V9_E18,Blossom,633.4903395644517,631.0188673819348
size_torus,V10000_E20000,Gabow1976,18338605.9781541,18328666.750833333
size_torus,V100_E200,Gabow1976,2589.405390382277,2586.57261180542
size_torus,V1024_E2048,Gabow1976,186219.38068307267,185741.58968456113
size_torus,V2025_E4050,Gabow1976,1791963.6797548418,1791034.1071515153
size_torus,V225_E450,Gabow1976,26794.359877766565,26793.941833751043
size_torus,V25_E50,Gabow1976,946.9854197859472,946.2923693394375
size_torus,V3025_E6050,Gabow1976,3943105.0902244225,3942578.520833333
size_torus,V484_E968,Gabow1976,40536.79204054405,40534.871847667644
size_torus,V4900_E9800,Gabow1976,4231484.5808330765,4230862.965151515
size_torus,V49_E98,Gabow1976,2230.018655626641,2210.4479512735325
size_torus,V9_E18,Gabow1976,410.5083514779144,403.0384383559675
size_torus,V10000_E20000,MicaliVazirani,1522886.2646612911,1512261.4899745015
size_torus,V100_E200,MicaliVazirani,16120.39731618623,16057.400715660704
size_torus,V1024_E2048,MicaliVazirani,151806.9472613358,151698.6254416961
size_torus,V2025_E4050,MicaliVazirani,707720.8351842683,707459.1237704918
size_torus,V225_E450,MicaliVazirani,78851.3126931666,78795.7333277103
size_torus,V25_E50,MicaliVazirani,8381.077254139736,8350.5627265625
size_torus,V3025_E6050,MicaliVazirani,1055210.6644426822,1055549.3379790941
size_torus,V484_E968,MicaliVazirani,73584.49037668676,73461.36995884773
size_torus,V4900_E9800,MicaliVazirani,733780.6757266511,733692.1267150928
size_torus,V49_E98,MicaliVazirani,16284.968224232158,16280.738514212197
size_torus,V9_E18,MicaliVazirani,2861.867978531026,2861.151321727798
size_triangular_lattice,V10000_E29601,Blossom,65718382.31848039,65455394.18995098
size_triangular_lattice,V100_E261,Blossom,8065.539273086803,8046.875333267502
size_triangular_lattice,V1024_E2945,Blossom,681772.5539298205,681479.1297627005
size_triangular_lattice,V2025_E5896,Blossom,3870451.618382067,3854169.6234681373
size_triangular_lattice,V225_E616,Blossom,53831.12328744155,53609.81806851615
size_triangular_lattice,V25_E56,Blossom,1507.078252943715,1505.4086630723011
size_triangular_lattice,V3025_E8856,Blossom,8538474.059389776,8433676.767424243
size_triangular_lattice,V484_E1365,Blossom,173375.3504936778,172185.75416666665
size_triangular_lattice,V4900_E14421,Blossom,15177616.59930411,15156506.150462963
size_triangular_lattice,V49_E120,Blossom,3867.6017982572835,3877.349147772527
size_triangular_lattice,V9_E16,Blossom,585.9584875119152,584.5482158329385
size_triangular_lattice,V10000_E29601,Gabow1976,18802819.70645682,18544644.1940678
size_triangular_lattice,V100_E261,Gabow1976,3093.98712120737,3080.0248335183132
size_triangular_lattice,V1024_E2945,Gabow1976,187947.33650167013,187702.66629955947
size_triangular_lattice,V2025_E5896,Gabow1976,2088670.7867886173,2068462.6044809227
size_triangular_lattice,V225_E616,Gabow1976,30736.650088439397,31061.674475524476
size_triangular_lattice,V25_E56,Gabow1976,986.1934026470377,968.5822215692037
size_triangular_lattice,V3025_E8856,Gabow1976,4900210.397320424,4856637.855324074
size_triangular_lattice,V484_E1365,Gabow1976,41500.42828592751,41658.7871875
size_triangular_lattice,V4900_E14421,Gabow1976,4252051.969005608,4248255.495900651
size_triangular_lattice,V49_E120,Gabow1976,2650.8814262561796,2507.789810949021
size_triangular_lattice,V9_E16,Gabow1976,368.6640919760923,362.0276885086054
size_triangular_lattice,V10000_E29601,MicaliVazirani,1861361.2176831334,1866329.7483660132
size_triangular_lattice,V100_E261,MicaliVazirani,19102.37396850988,18939.11832264957
size_triangular_lattice,V1024_E2945,MicaliVazirani,188013.3312664843,186634.27858141856
size_triangular_lattice,V2025_E5896,MicaliVazirani,826265.6460158423,823583.1378178835
size_triangular_lattice,V225_E616,MicaliVazirani,92240.71329859878,92160.05046432064
size_triangular_lattice,V25_E56,MicaliVazirani,8513.927540781104,8516.472797518923
size_triangular_lattice,V3025_E8856,MicaliVazirani,1228726.527790251,1227707.0594387755
size_triangular_lattice,V484_E1365,MicaliVazirani,86141.8509881779,85996.30424111226
size_triangular_lattice,V4900_E14421,MicaliVazirani,883680.446890066,885337.0759811617
size_triangular_lattice,V49_E120,MicaliVazirani,18914.96588404113,18846.13011919587
size_triangular_lattice,V9_E16,MicaliVazirani,2872.63988085952,2863.7775128499425
size_windmill_k4,V10000_E19998,Blossom,125612934.76387124,125511140.97222221
size_windmill_k4,V1000_E1998,Blossom,1284983.2947590484,1283197.1110564629
size_windmill_k4,V100_E198,Blossom,16203.454106596713,16216.27645007873
size_windmill_k4,V10_E18,Blossom,644.9076997277806,645.78485353325
size_windmill_k4,V1999_E3996,Blossom,5187530.038681729,5140777.593390805
size_windmill_k4,V199_E396,Blossom,55645.506920968786,55671.43889027917
size_windmill_k4,V19_E36,Blossom,1293.959941682588,1292.427139255311
size_windmill_k4,V3001_E6000,Blossom,11246009.536522942,11218931.464285715
size_windmill_k4,V4999_E9996,Blossom,31261423.629814528,31135693.62745098
size_windmill_k4,V499_E996,Blossom,318293.8994012489,317081.16508828255
size_windmill_k4,V49_E96,Blossom,4903.267024211189,4919.13302374169
size_windmill_k4,V7501_E15000,Blossom,69928970.50296627,69918154.0625
size_windmill_k4,V10000_E19998,Gabow1976,56368628.37010119,56346308.68883929
size_windmill_k4,V1000_E1998,Gabow1976,577530.2860587296,576837.3610766046
size_windmill_k4,V100_E198,Gabow1976,8618.95607443166,8587.016914840604
size_windmill_k4,V10_E18,Gabow1976,423.6548695343323,422.16531383141853
size_windmill_k4,V1999_E3996,Gabow1976,2327292.432411924,2323991.5755555555
size_windmill_k4,V199_E396,Gabow1976,27571.99769080548,27560.17346863624
size_windmill_k4,V19_E36,Gabow1976,825.0319851943473,822.3438509997261
size_windmill_k4,V3001_E6000,Gabow1976,5212817.171811017,5212507.638888888
size_windmill_k4,V4999_E9996,Gabow1976,14036663.196938451,14015149.120000001
size_windmill_k4,V499_E996,Gabow1976,152800.63866860454,152081.27813852814
size_windmill_k4,V49_E96,Gabow1976,3123.70396277929,3177.9191828756675
size_windmill_k4,V7501_E15000,Gabow1976,31689107.637982994,31617519.841785714
size_windmill_k4,V10000_E19998,MicaliVazirani,2264598.7847690526,2261458.134817115
size_windmill_k4,V1000_E1998,MicaliVazirani,238857.97155324748,236892.73732998536
size_windmill_k4,V100_E198,MicaliVazirani,25673.478878755584,25640.853069317687
size_windmill_k4,V10_E18,MicaliVazirani,2708.664624962838,2707.967593469177
size_windmill_k4,V1999_E3996,MicaliVazirani,467968.13309494784,467153.6733409611
size_windmill_k4,V199_E396,MicaliVazirani,49811.36359688432,49729.26602948086
size_windmill_k4,V19_E36,MicaliVazirani,5607.78393188686,5603.963464095259
size_windmill_k4,V3001_E6000,MicaliVazirani,710313.8723730502,705872.3804243009
size_windmill_k4,V4999_E9996,MicaliVazirani,1149813.4316091866,1150530.1842105263
size_windmill_k4,V499_E996,MicaliVazirani,119377.33420246794,118942.02237851662
size_windmill_k4,V49_E96,MicaliVazirani,12657.05299679669,12666.608166515014
size_windmill_k4,V7501_E15000,MicaliVazirani,1721062.096438876,1718231.9403081797
topology_V100,barabasi_albert_V100_E294,Blossom,18896.84799933345,18204.78209302589
topology_V100,complete_V100_E4950,Blossom,127439.25641951954,127637.33174603175
topology_V100,complete_bipartite_V100_E2500,Blossom,14663.550014642435,14615.931881875327
topology_V100,crown_V100_E2450,Blossom,14764.167163069218,14131.180436066126
topology_V100,cycle_V100_E100,Blossom,8674.95447502408,8644.079682274247
topology_V100,erdos_renyi_V100_E465,Blossom,12329.633989564432,12377.805237945775
topology_V100,friendship_V99_E147,Blossom,129552.16876311824,129537.95382379249
topology_V100,grid_V100_E180,Blossom,8860.248432161532,8844.430854301947
topology_V100,hexagonal_lattice_V96_E131,Blossom,8213.17444085283,8209.521624044908
topology_V100,path_V100_E99,Blossom,8690.170357606294,8689.512536873157
topology_V100,petersen_V10_E15,Blossom,401.89600539010326,401.18554195775255
topology_V100,star_V100_E99,Blossom,15978.713054938193,15963.915322580644
topology_V100,torus_V100_E200,Blossom,9150.054401244957,8889.686291014721
topology_V100,triangular_lattice_V100_E261,Blossom,9190.719938426744,9182.092781819518
topology_V100,turan_V100_E4000,Blossom,103214.12460349238,103172.6854788069
topology_V100,watts_strogatz_V100_E300,Blossom,12097.192228471098,11710.82933085765
topology_V100,wheel_V100_E198,Blossom,8933.623841703864,8924.120244572372
topology_V100,windmill_k4_V100_E198,Blossom,18165.06227245996,18249.915717615717
topology_V100,barabasi_albert_V100_E294,Gabow1976,11413.147209382805,11398.464654577057
topology_V100,complete_V100_E4950,Gabow1976,102904.01858059957,102002.04423893269
topology_V100,complete_bipartite_V100_E2500,Gabow1976,7278.595081061111,7230.942545083727
topology_V100,crown_V100_E2450,Gabow1976,7161.5472282922265,7161.61401426271
topology_V100,cycle_V100_E100,Gabow1976,2521.3924696824897,2510.2377219180353
topology_V100,erdos_renyi_V100_E465,Gabow1976,5658.236708952862,5350.111365768918
topology_V100,friendship_V99_E147,Gabow1976,102860.64419673907,103045.23144820296
topology_V100,grid_V100_E180,Gabow1976,2636.895837998826,2631.624083804593
topology_V100,hexagonal_lattice_V96_E131,Gabow1976,2390.3920709870054,2390.490283184018
topology_V100,path_V100_E99,Gabow1976,2390.0570701265647,2389.8502661726043
topology_V100,petersen_V10_E15,Gabow1976,247.60586681951278,247.76297430940676
topology_V100,star_V100_E99,Gabow1976,4391.748177640355,4386.817292024014
topology_V100,torus_V100_E200,Gabow1976,2641.8371370182076,2640.9311974681377
topology_V100,triangular_lattice_V100_E261,Gabow1976,2879.3021028328512,2874.3594083529943
topology_V100,turan_V100_E4000,Gabow1976,91547.43870915091,92573.73415337305
topology_V100,watts_strogatz_V100_E300,Gabow1976,4644.552783732428,4627.672413154924
topology_V100,wheel_V100_E198,Gabow1976,2725.367941127946,2717.189300871119
topology_V100,windmill_k4_V100_E198,Gabow1976,8782.583097034536,8777.22891978517
topology_V100,barabasi_albert_V100_E294,MicaliVazirani,40009.447593114084,40061.68759810875
topology_V100,complete_V100_E4950,MicaliVazirani,128886.27852409499,128809.51207386365
topology_V100,complete_bipartite_V100_E2500,MicaliVazirani,78379.45044068065,78266.34519432773
topology_V100,crown_V100_E2450,MicaliVazirani,76642.73146593403,75700.09658198943
topology_V100,cycle_V100_E100,MicaliVazirani,14264.545222570578,14219.721696553797
topology_V100,erdos_renyi_V100_E465,MicaliVazirani,47226.80185673204,47107.99966653328
topology_V100,friendship_V99_E147,MicaliVazirani,30352.464589093775,30153.672963400237
topology_V100,grid_V100_E180,MicaliVazirani,16388.486446743285,16363.732669789228
topology_V100,hexagonal_lattice_V96_E131,MicaliVazirani,15008.41230948148,14999.146268656717
topology_V100,path_V100_E99,MicaliVazirani,14543.79957887744,14489.465949460733
topology_V100,petersen_V10_E15,MicaliVazirani,1926.8157698871428,1924.2316765048586
topology_V100,star_V100_E99,MicaliVazirani,10334.240928499969,10253.184521024206
topology_V100,torus_V100_E200,MicaliVazirani,16616.476634578004,16610.88614793213
topology_V100,triangular_lattice_V100_E261,MicaliVazirani,19349.75546231429,19197.882468553456
topology_V100,turan_V100_E4000,MicaliVazirani,172172.7456720338,172123.12724867725
topology_V100,watts_strogatz_V100_E300,MicaliVazirani,29286.32488480658,29249.58766233766
topology_V100,wheel_V100_E198,MicaliVazirani,16372.748868175859,16368.693776793873
topology_V100,windmill_k4_V100_E198,MicaliVazirani,25234.598320096447,25131.930678565543
topology_V1000,barabasi_albert_V1000_E2994,Blossom,1010038.9414138311,1006791.148255814
topology_V1000,complete_bipartite_V1000_E250000,Blossom,1283054.1953384927,1280691.1205882353
topology_V1000,crown_V1000_E249500,Blossom,1279642.3035040007,1279532.9353587588
topology_V1000,cycle_V1000_E1000,Blossom,772947.7827787633,772727.3013392857
topology_V1000,erdos_renyi_V1000_E5045,Blossom,965423.6282583245,968152.3772053872
topology_V1000,friendship_V999_E1497,Blossom,87217998.88333334,92591131.375
topology_V1000,grid_V1024_E1984,Blossom,755389.3353778535,755446.1634502924
topology_V1000,hexagonal_lattice_V1010_E1471,Blossom,738565.527062038,739879.7647296207
topology_V1000,path_V1000_E999,Blossom,771531.5002779996,771405.1733172801
topology_V1000,star_V1000_E999,Blossom,1531613.5240732012,1529387.564945055
topology_V1000,torus_V1024_E2048,Blossom,757307.8346390555,757856.9811769006
topology_V1000,triangular_lattice_V1024_E2945,Blossom,792270.1871156887,792555.1001298702
topology_V1000,watts_strogatz_V1000_E3000,Blossom,888117.7239818701,892913.5462585033
topology_V1000,wheel_V1000_E1998,Blossom,756296.6207593039,754268.2027986633
topology_V1000,windmill_k4_V1000_E1998,Blossom,1394147.9940767486,1412257.8522727273
topology_V1000,barabasi_albert_V1000_E2994,Gabow1976,499553.1273276482,501034.171010425
topology_V1000,complete_bipartite_V1000_E250000,Gabow1976,647695.7256173634,645974.6462331201
topology_V1000,crown_V1000_E249500,Gabow1976,645680.3360732391,645777.9109754259
topology_V1000,cycle_V1000_E1000,Gabow1976,167449.95802281855,166703.1356867071
topology_V1000,erdos_renyi_V1000_E5045,Gabow1976,468660.6154869426,465756.18240722315
topology_V1000,friendship_V999_E1497,Gabow1976,72708691.36583854,72691577.73333333
topology_V1000,grid_V1024_E1984,Gabow1976,179436.96544484765,179083.04140316206
topology_V1000,hexagonal_lattice_V1010_E1471,Gabow1976,174189.99568855172,174082.8472820022
topology_V1000,path_V1000_E999,Gabow1976,167384.55592580236,167618.33372093024
topology_V1000,star_V1000_E999,Gabow1976,335181.5331949878,334956.898255814
topology_V1000,torus_V1024_E2048,Gabow1976,181249.16409284735,181206.52022058825
topology_V1000,triangular_lattice_V1024_E2945,Gabow1976,184782.96949097043,184453.88831135904
topology_V1000,watts_strogatz_V1000_E3000,Gabow1976,295603.9735285495,295275.9014367816
topology_V1000,wheel_V1000_E1998,Gabow1976,172849.10292541404,172645.03701472556
topology_V1000,windmill_k4_V1000_E1998,Gabow1976,570448.1374189908,570340.8185307018
topology_V1000,barabasi_albert_V1000_E2994,MicaliVazirani,1063302.129567613,1062492.4326772215
topology_V1000,complete_bipartite_V1000_E250000,MicaliVazirani,5340476.9356249925,5336956.516908213
topology_V1000,crown_V1000_E249500,MicaliVazirani,11268630.404147232,11029473.515625
topology_V1000,cycle_V1000_E1000,MicaliVazirani,136303.28230330086,136049.35609177215
topology_V1000,erdos_renyi_V1000_E5045,MicaliVazirani,532054.773761204,531008.9854285375
topology_V1000,friendship_V999_E1497,MicaliVazirani,288053.9589371671,288360.77629906446
topology_V1000,grid_V1024_E1984,MicaliVazirani,153116.7913957498,152978.5292712067
topology_V1000,hexagonal_lattice_V1010_E1471,MicaliVazirani,145763.01464095298,145473.94544652879
topology_V1000,path_V1000_E999,MicaliVazirani,136654.30497862148,136495.30778439372
topology_V1000,star_V1000_E999,MicaliVazirani,91298.17186626668,91366.22216696804
topology_V1000,torus_V1024_E2048,MicaliVazirani,153931.78484436462,154429.22860757663
topology_V1000,triangular_lattice_V1024_E2945,MicaliVazirani,185359.38144535103,185331.14831504703
topology_V1000,watts_strogatz_V1000_E3000,MicaliVazirani,279205.6143810656,278863.1313852814
topology_V1000,wheel_V1000_E1998,MicaliVazirani,154047.91680724584,153508.7068612391
topology_V1000,windmill_k4_V1000_E1998,MicaliVazirani,236263.1527596474,236220.63260030863
topology_V2000,barabasi_albert_V2000_E5994,Blossom,3889634.143336451,3889437.7030612244
topology_V2000,complete_bipartite_V2000_E1000000,Blossom,5168286.761420177,5166650.977163462
topology_V2000,crown_V2000_E999000,Blossom,5443526.330416666,5244683.639423077
topology_V2000,cycle_V2000_E2000,Blossom,3056270.9247071776,2949935.7335164836
topology_V2000,erdos_renyi_V2000_E10034,Blossom,4313623.101227659,4342004.721347332
topology_V2000,friendship_V1999_E2997,Blossom,674977299.6897222,675210767.5
topology_V2000,grid_V2025_E3960,Blossom,2974331.8232188146,2972942.540896739
topology_V2000,hexagonal_lattice_V1982_E2911,Blossom,2902775.3542304123,2903988.9413563833
topology_V2000,path_V2000_E1999,Blossom,2875849.6190992696,2873913.2001763666
topology_V2000,star_V2000_E1999,Blossom,5744907.274876639,5736798.312137682
topology_V2000,torus_V2025_E4050,Blossom,3898795.6822562767,3882562.0609929077
topology_V2000,triangular_lattice_V2025_E5896,Blossom,4260359.91691358,4262026.683862434
topology_V2000,watts_strogatz_V2000_E6000,Blossom,3565422.0391786755,3559322.051754386
topology_V2000,wheel_V2000_E3998,Blossom,2880772.8936441103,2882387.3951315787
topology_V2000,windmill_k4_V1999_E3996,Blossom,5682627.541802148,5659521.23939394
topology_V2000,barabasi_albert_V2000_E5994,Gabow1976,1865892.7951869578,1863881.155927835
topology_V2000,complete_bipartite_V2000_E1000000,Gabow1976,2701460.655585365,2721594.2676435406
topology_V2000,crown_V2000_E999000,Gabow1976,2603812.2892804234,2604799.6302910056
topology_V2000,cycle_V2000_E2000,Gabow1976,737247.7970673376,737072.507110812
topology_V2000,erdos_renyi_V2000_E10034,Gabow1976,2896989.0998022202,2895181.538711584
topology_V2000,friendship_V1999_E2997,Gabow1976,575001181.1982937,574927558.2678571
topology_V2000,grid_V2025_E3960,Gabow1976,754354.551859387,753468.4743275862
topology_V2000,hexagonal_lattice_V1982_E2911,Gabow1976,699852.2931718489,699862.1637746359
topology_V2000,path_V2000_E1999,Gabow1976,731299.2436317524,730736.466935484
topology_V2000,star_V2000_E1999,Gabow1976,1469524.7326553075,1469429.2876010782
topology_V2000,torus_V2025_E4050,Gabow1976,1775153.9681573946,1775437.1388349514
topology_V2000,triangular_lattice_V2025_E5896,Gabow1976,2167283.1263540904,2136327.889230769
topology_V2000,watts_strogatz_V2000_E6000,Gabow1976,1192587.6331020114,1190969.2308533918
topology_V2000,wheel_V2000_E3998,Gabow1976,734299.7308680556,733817.7850582437
topology_V2000,windmill_k4_V1999_E3996,Gabow1976,2288308.4949971773,2286596.88071578
topology_V2000,barabasi_albert_V2000_E5994,MicaliVazirani,1943738.7990541295,1943249.2018554688
topology_V2000,complete_bipartite_V2000_E1000000,MicaliVazirani,68952597.59761904,68653873.59226191
topology_V2000,crown_V2000_E999000,MicaliVazirani,67212231.06328043,66072501.07936508
topology_V2000,cycle_V2000_E2000,MicaliVazirani,268369.08007779735,267556.7185377229
topology_V2000,erdos_renyi_V2000_E10034,MicaliVazirani,1168114.3532317053,1167294.8731263382
topology_V2000,friendship_V1999_E2997,MicaliVazirani,555819.1307088464,552396.2391484943
topology_V2000,grid_V2025_E3960,MicaliVazirani,418640.1637682247,418160.05164708465
topology_V2000,hexagonal_lattice_V1982_E2911,MicaliVazirani,288729.0227029812,288676.0529599036
topology_V2000,path_V2000_E1999,MicaliVazirani,268285.4745834695,268416.3641285403
topology_V2000,star_V2000_E1999,MicaliVazirani,175358.6769311278,175405.72353224253
topology_V2000,torus_V2025_E4050,MicaliVazirani,703620.1714569452,702871.3610665384
topology_V2000,triangular_lattice_V2025_E5896,MicaliVazirani,820813.6485717217,807162.1804837519
topology_V2000,watts_strogatz_V2000_E6000,MicaliVazirani,618784.8406727221,616211.0984762979
topology_V2000,wheel_V2000_E3998,MicaliVazirani,302732.00647956354,302799.47242206236
topology_V2000,windmill_k4_V1999_E3996,MicaliVazirani,472113.59633919754,469743.82382644
topology_V500,barabasi_albert_V500_E1494,Blossom,367871.36758571013,370622.92655835545
topology_V500,barbell_V110_E2461,Blossom,71155.43911712215,72942.1701563384
topology_V500,complete_bipartite_V500_E62500,Blossom,339650.0773648222,345480.8953466287
topology_V500,crown_V500_E62250,Blossom,320365.3761228338,320384.1204936854
topology_V500,cycle_V500_E500,Blossom,185269.1863416741,183843.4730861244
topology_V500,erdos_renyi_V500_E2520,Blossom,248837.95049129333,248209.74881864624
topology_V500,friendship_V499_E747,Blossom,11255112.972133888,11798570.958854167
topology_V500,grid_V506_E967,Blossom,197660.0581227629,197740.36634566073
topology_V500,hexagonal_lattice_V510_E734,Blossom,189524.5575723805,190144.19080246915
topology_V500,path_V500_E499,Blossom,189714.12219021728,189999.47389127326
topology_V500,star_V500_E499,Blossom,375602.5301966413,375643.6043404973
topology_V500,torus_V506_E1012,Blossom,198476.9996612452,194278.13401548675
topology_V500,triangular_lattice_V506_E1429,Blossom,209739.96212292617,191756.79502564104
topology_V500,watts_strogatz_V500_E1500,Blossom,264035.40093481686,269685.3234234234
topology_V500,wheel_V500_E998,Blossom,190974.32604684532,191033.65899705014
topology_V500,windmill_k4_V499_E996,Blossom,371694.5339781859,372203.69978632475
topology_V500,barabasi_albert_V500_E1494,Gabow1976,385815.18967137294,385317.96087952226
topology_V500,barbell_V110_E2461,Gabow1976,55165.48182084698,54230.18171466402
topology_V500,complete_bipartite_V500_E62500,Gabow1976,157499.88264918252,157526.07488687785
topology_V500,crown_V500_E62250,Gabow1976,158167.509696577,157881.01383272058
topology_V500,cycle_V500_E500,Gabow1976,42982.95031392451,42632.29791872326
topology_V500,erdos_renyi_V500_E2520,Gabow1976,131511.03372086812,132227.4766121471
topology_V500,friendship_V499_E747,Gabow1976,9532802.55152912,9481129.282692308
topology_V500,grid_V506_E967,Gabow1976,44042.27827552935,44010.31170940171
topology_V500,hexagonal_lattice_V510_E734,Gabow1976,44506.08286257156,44440.62925696594
topology_V500,path_V500_E499,Gabow1976,42380.019983770915,42792.342509029775
topology_V500,star_V500_E499,Gabow1976,82812.88775854977,82731.9533929106
topology_V500,torus_V506_E1012,Gabow1976,44171.321102353344,44124.590634635155
topology_V500,triangular_lattice_V506_E1429,Gabow1976,45110.093276290274,45010.789778645834
topology_V500,watts_strogatz_V500_E1500,Gabow1976,78114.62567734727,77993.23861455
topology_V500,wheel_V500_E998,Gabow1976,43840.18809307444,43536.00139908603
topology_V500,windmill_k4_V499_E996,Gabow1976,149512.0379234938,148563.43712537462
topology_V500,barabasi_albert_V500_E1494,MicaliVazirani,313949.9496274559,313525.52455716586
topology_V500,barbell_V110_E2461,MicaliVazirani,76240.98274362943,76314.12006842191
topology_V500,complete_bipartite_V500_E62500,MicaliVazirani,1407899.2003911594,1405277.1592592592
topology_V500,crown_V500_E62250,MicaliVazirani,2954007.347828424,2950290.4973009443
topology_V500,cycle_V500_E500,MicaliVazirani,69727.24153484667,69862.45495391704
topology_V500,erdos_renyi_V500_E2520,MicaliVazirani,267597.4321369348,267310.8635019225
topology_V500,friendship_V499_E747,MicaliVazirani,143715.09506533443,144604.3134920635
topology_V500,grid_V506_E967,MicaliVazirani,72992.79601639029,72890.54496539113
topology_V500,hexagonal_lattice_V510_E734,MicaliVazirani,73343.4015446517,73301.46572002294
topology_V500,path_V500_E499,MicaliVazirani,69032.35032817202,69059.98939465932
topology_V500,star_V500_E499,MicaliVazirani,46153.150784897996,46178.86243067277
topology_V500,torus_V506_E1012,MicaliVazirani,72988.17532243332,73114.31193310657
topology_V500,triangular_lattice_V506_E1429,MicaliVazirani,91051.31958005008,90748.85223953263
topology_V500,watts_strogatz_V500_E1500,MicaliVazirani,128546.62071578352,128526.21997077274
topology_V500,wheel_V500_E998,MicaliVazirani,76693.49484247142,76641.27697888477
topology_V500,windmill_k4_V499_E996,MicaliVazirani,118512.26665561154,118485.46530647384
